<?xml version="1.0" encoding="UTF-8"?>
<addon id="repository.fanfilm.beta" name="FanFilm Repository (BETA)" version="1.0" provider-name="fanfilm">
    <extension point="xbmc.addon.repository" name="FanFilm Repository (BETA)">
        <dir minversion="19.90">
            <info compressed="false">https://fanfilm-pl.github.io/repository.fanfilm.beta/zips/addons.xml</info>
            <checksum  verify="sha256">https://fanfilm-pl.github.io/repository.fanfilm.beta/zips/addons.xml.sha256</checksum>
            <datadir zip="true">https://fanfilm-pl.github.io/repository.fanfilm.beta/zips/</datadir>
            <hashes>sha256</hashes>
        </dir>
        <dir>
            <info compressed="false">https://raw.githubusercontent.com/Gujal00/smrzips/master/addons.xml</info>
            <checksum>https://raw.githubusercontent.com/Gujal00/smrzips/master/addons.xml.md5</checksum>
            <datadir zip="true">https://raw.githubusercontent.com/Gujal00/smrzips/master/zips/</datadir>
        </dir>
    </extension>
    <extension point="xbmc.addon.metadata">
        <summary>FanFilm Repository (BETA)</summary>
        <summary lang="pl_PL">FanFilm Repozytorium (BETA)</summary>
        <description>Repository with BETA versions</description>
        <description lang="pl_PL">Repozytorium z wersjami BETA</description>
        <platform>all</platform>
        <assets>
            <icon>icon.png</icon>
            <fanart>fanart.jpg</fanart>
        </assets>
    </extension>
</addon>
